{
  "cv_score": 0.9753885538069275,
  "metric": "balanced_accuracy",
  "plain_accuracy": 0.9822484375,
  "balanced_accuracy": 0.9753885538069275,
  "fold_scores": [
    0.976017980146905,
    0.9749427281256446,
    0.9759725343363606,
    0.9745512641950711,
    0.9715961125386542
  ],
  "fold_mean": 0.9746161238685271,
  "fold_std": 0.0016147071519656165,
  "per_class_recall": {
    "High": 0.9678613258374327,
    "Low": 0.9958752571311482,
    "Medium": 0.9624290784522016
  },
  "elapsed_sec": 21257.6,
  "model": [
    "xgb",
    "xgb_a",
    "xgb_b",
    "xgb_c",
    "xgb_d"
  ],
  "per_model_cv": {
    "xgb": 0.974638191168984,
    "xgb_a": 0.9746129194214778,
    "xgb_b": 0.9745940726419408,
    "xgb_c": 0.9745286586576712,
    "xgb_d": 0.9747067841306833
  },
  "blend_weights": {
    "xgb": 0.2,
    "xgb_a": 0.2,
    "xgb_b": 0.2,
    "xgb_c": 0.2,
    "xgb_d": 0.2
  },
  "postprocess": {
    "kind": "class_weight_optuna",
    "pre_score": 0.9746501756797453,
    "post_score": 0.9753885538069275,
    "weights": [
      2.742853541064552,
      2.146914506560663,
      1.9009511147445863
    ],
    "applied": true
  },
  "n_features": 439,
  "n_train": 640000,
  "n_test": 270000
}