{
  "cv_score": 0.9750273506369781,
  "metric": "balanced_accuracy",
  "plain_accuracy": 0.9813238095238095,
  "balanced_accuracy": 0.9750273506369781,
  "fold_scores": [
    0.9727269652672232,
    0.9744088416060327,
    0.9747114506216533,
    0.9752223632323355,
    0.9718046587860513
  ],
  "fold_mean": 0.9737748559026592,
  "fold_std": 0.0012926079429835449,
  "per_class_recall": {
    "High": 0.9693940692084345,
    "Low": 0.9959558495554408,
    "Medium": 0.9597321331470591
  },
  "elapsed_sec": 3887.6,
  "model": [
    "xgb"
  ],
  "per_model_cv": {
    "xgb": 0.9737646856872063
  },
  "blend_weights": {
    "xgb": 1.0
  },
  "postprocess": {
    "kind": "class_weight_optuna",
    "pre_score": 0.9737646856872063,
    "post_score": 0.9750273506369781,
    "weights": [
      1.027757690956445,
      0.6782680812875593,
      0.5130840232638478
    ],
    "applied": true
  },
  "n_features": 439,
  "n_train": 630000,
  "n_test": 270000
}