{
  "cv_score": 0.9751224611442519,
  "metric": "balanced_accuracy",
  "plain_accuracy": 0.9814746031746032,
  "balanced_accuracy": 0.9751224611442519,
  "fold_scores": [
    0.9730456237960867,
    0.9740869769722237,
    0.974380934992868,
    0.9746710193804109,
    0.9721404121946094
  ],
  "fold_mean": 0.9736649934672398,
  "fold_std": 0.0009392227990172053,
  "per_class_recall": {
    "High": 0.9691560759674426,
    "Low": 0.9957639146078715,
    "Medium": 0.9604473928574416
  },
  "elapsed_sec": 4085.7,
  "model": [
    "xgb"
  ],
  "per_model_cv": {
    "xgb": 0.9736555174716958
  },
  "blend_weights": {
    "xgb": 1.0
  },
  "postprocess": {
    "kind": "class_weight_optuna",
    "pre_score": 0.9736555174716958,
    "post_score": 0.9751224611442519,
    "weights": [
      2.442644499325998,
      1.1898191272092222,
      1.2294167043344122
    ],
    "applied": true
  },
  "n_features": 467,
  "n_train": 630000,
  "n_test": 270000
}