{
  "cv_score": 0.9697807509954268,
  "metric": "balanced_accuracy",
  "plain_accuracy": 0.9840453125,
  "balanced_accuracy": 0.9697807509954268,
  "fold_scores": [
    0.9701953972217746,
    0.970973993388447,
    0.9688993874662114,
    0.9725611661962045,
    0.970709846207093,
    0.9700114827524559,
    0.9706739376238039,
    0.9705816983985466,
    0.9687753451041523,
    0.9644135297195545
  ],
  "fold_mean": 0.9697795784078244,
  "fold_std": 0.0020561350853812886,
  "per_class_recall": {
    "High": 0.9440149918013586,
    "Low": 0.995523988706188,
    "Medium": 0.9698032724787339
  },
  "elapsed_sec": 5596.7,
  "model": "catboost",
  "per_model_cv": {
    "catboost": 0.9697793785416716
  },
  "blend_weights": {
    "catboost": 1.0
  },
  "postprocess": {
    "pre_bias_bal_acc": 0.9697793785416716,
    "post_bias_bal_acc_nested": 0.9697793785416716,
    "bias_all_folds": [
      0.0,
      0.0,
      0.00025
    ],
    "delta_nested": 0.0,
    "post_bias_bal_acc_full": 0.9697807509954268
  },
  "n_features": 32,
  "n_train": 640000,
  "n_test": 270000
}