{
  "cv_score": 0.9750563238142474,
  "metric": "balanced_accuracy",
  "plain_accuracy": 0.9817492063492064,
  "balanced_accuracy": 0.9750563238142474,
  "fold_scores": [
    0.9726627699199152,
    0.9736913588046816,
    0.9742982953860054,
    0.974773659232672,
    0.9727721905122878
  ],
  "fold_mean": 0.9736396547711124,
  "fold_std": 0.0008281600253994158,
  "per_class_recall": {
    "High": 0.9682993002998714,
    "Low": 0.9960207289743375,
    "Medium": 0.9608489421685336
  },
  "elapsed_sec": 5192.8,
  "model": [
    "xgb"
  ],
  "per_model_cv": {
    "xgb": 0.9736280169748385
  },
  "blend_weights": {
    "xgb": 1.0
  },
  "postprocess": {
    "kind": "class_weight_optuna",
    "pre_score": 0.9736280169748385,
    "post_score": 0.9750563238142474,
    "weights": [
      2.697638810450327,
      2.2875744503988527,
      1.3852294016643276
    ],
    "applied": true
  },
  "n_features": 599,
  "n_train": 630000,
  "n_test": 270000
}