{
  "cv_score": 0.969507919684769,
  "metric": "balanced_accuracy",
  "plain_accuracy": 0.984121875,
  "balanced_accuracy": 0.969507919684769,
  "fold_scores": [
    0.9695206384476163,
    0.9708944465503467,
    0.9679266985899289,
    0.9723714445266253,
    0.9706849090557267,
    0.970501859428833,
    0.970482026545049,
    0.969926257570064,
    0.9691842114110344,
    0.9635885374027667
  ],
  "fold_mean": 0.9695081029527991,
  "fold_std": 0.002264147465457643,
  "per_class_recall": {
    "High": 0.9428437573202155,
    "Low": 0.9954361715999478,
    "Medium": 0.9702438301341436
  },
  "elapsed_sec": 4183.2,
  "model": "catboost",
  "per_model_cv": {
    "catboost": 0.969507919684769
  },
  "blend_weights": {
    "catboost": 1.0
  },
  "postprocess": null,
  "n_features": 41,
  "n_train": 640000,
  "n_test": 270000
}