{
  "cv_score": 0.9669687155786808,
  "metric": "balanced_accuracy",
  "plain_accuracy": 0.9853761904761905,
  "balanced_accuracy": 0.9669687155786808,
  "fold_scores": [
    0.9659610764529103,
    0.9672760325114771,
    0.968372160177445,
    0.9663373434422806,
    0.9668966956671543
  ],
  "fold_mean": 0.9669686616502535,
  "fold_std": 0.0008346561776569647,
  "per_class_recall": {
    "High": 0.9309819601123328,
    "Low": 0.9956233425335954,
    "Medium": 0.9743008440901143
  },
  "elapsed_sec": 1517.3,
  "model": "lgbm",
  "n_features": 32,
  "n_train": 630000,
  "n_test": 270000
}