{
  "cv_score": 0.9681160424150943,
  "metric": "balanced_accuracy",
  "plain_accuracy": 0.9854111111111111,
  "balanced_accuracy": 0.9681160424150943,
  "fold_scores": [
    0.9669228131484724,
    0.9684671859992631,
    0.9692317390631445,
    0.9673734871829963,
    0.9679590267765747
  ],
  "fold_mean": 0.9679908504340903,
  "fold_std": 0.0008111169993057234,
  "per_class_recall": {
    "High": 0.9347422533200057,
    "Low": 0.9957693212261128,
    "Medium": 0.9738365526991642
  },
  "elapsed_sec": 4446.1,
  "model": [
    "lgbm",
    "xgb",
    "catboost"
  ],
  "per_model_cv": {
    "lgbm": 0.9669687155786808,
    "xgb": 0.9671359552914844,
    "catboost": 0.9698680578044748
  },
  "blend_weights": {
    "lgbm": 0.33298133485571707,
    "xgb": 0.3330389248293254,
    "catboost": 0.3339797403149575
  },
  "n_features": 32,
  "n_train": 630000,
  "n_test": 270000
}