{
  "cv_score": 0.9689276955346399,
  "metric": "balanced_accuracy",
  "plain_accuracy": 0.9850390625,
  "balanced_accuracy": 0.9689276955346399,
  "fold_scores": [
    0.968798764392003,
    0.9696671698244308,
    0.9680745796897846,
    0.9701140628047534,
    0.9681649911823303,
    0.9682663169511295,
    0.9689223374830797,
    0.9685755612221478,
    0.9670182516182343,
    0.9620479279219393
  ],
  "fold_mean": 0.9679649963089834,
  "fold_std": 0.002134271930554218,
  "per_class_recall": {
    "High": 0.9384867650503631,
    "Low": 0.995771473278319,
    "Medium": 0.9725248482752373
  },
  "elapsed_sec": 10779.8,
  "model": [
    "lgbm",
    "xgb",
    "catboost"
  ],
  "per_model_cv": {
    "lgbm": 0.9673336576315021,
    "xgb": 0.9667812987588897,
    "catboost": 0.9697793785416716
  },
  "blend_weights": {
    "lgbm": 0.25,
    "xgb": 0.1,
    "catboost": 0.65
  },
  "postprocess": null,
  "n_features": 32,
  "n_train": 640000,
  "n_test": 270000
}