{
  "cv_score": 0.9751411562504525,
  "metric": "balanced_accuracy",
  "plain_accuracy": 0.9814333333333334,
  "balanced_accuracy": 0.9751411562504525,
  "fold_scores": [
    0.9732091427517534,
    0.9742644576166347,
    0.9741485834379029,
    0.9749907010947029,
    0.9725114321410285
  ],
  "fold_mean": 0.9738248634084045,
  "fold_std": 0.0008673440905833424,
  "per_class_recall": {
    "High": 0.9694892665048312,
    "Low": 0.9960180256652168,
    "Medium": 0.9599161765813096
  },
  "elapsed_sec": 4877.0,
  "model": [
    "xgb"
  ],
  "per_model_cv": {
    "xgb": 0.9738168159148862
  },
  "blend_weights": {
    "xgb": 1.0
  },
  "postprocess": {
    "kind": "class_weight_optuna",
    "pre_score": 0.9738168159148862,
    "post_score": 0.9751411562504525,
    "weights": [
      2.93807349259126,
      2.169855798822682,
      1.462213113392103
    ],
    "applied": true
  },
  "n_features": 572,
  "n_train": 630000,
  "n_test": 270000
}