{
  "cv_score": 0.9752595052944998,
  "metric": "balanced_accuracy",
  "plain_accuracy": 0.9806095238095238,
  "balanced_accuracy": 0.9752595052944998,
  "fold_scores": [
    0.9731385348256513,
    0.9742868149969862,
    0.9742964632188355,
    0.974895060959565,
    0.9723618106279627
  ],
  "fold_mean": 0.9737957369258001,
  "fold_std": 0.0009152548335649204,
  "per_class_recall": {
    "High": 0.972011994859346,
    "Low": 0.9956071226788712,
    "Medium": 0.9581593983452822
  },
  "elapsed_sec": 11003.7,
  "model": [
    "xgb",
    "xgb_a",
    "xgb_b"
  ],
  "per_model_cv": {
    "xgb": 0.9738791600906357,
    "xgb_a": 0.9737429427531685,
    "xgb_b": 0.9737408308693509
  },
  "blend_weights": {
    "xgb": 0.34,
    "xgb_a": 0.33,
    "xgb_b": 0.33
  },
  "postprocess": {
    "kind": "class_weight_optuna",
    "pre_score": 0.9738293152009069,
    "post_score": 0.9752595052944998,
    "weights": [
      2.357058461907059,
      0.8591363217955509,
      1.0577152982053768
    ],
    "applied": true
  },
  "n_features": 439,
  "n_train": 630000,
  "n_test": 270000
}