{
  "cv_score": 0.9750427004124599,
  "metric": "balanced_accuracy",
  "plain_accuracy": 0.9820190476190476,
  "balanced_accuracy": 0.9750427004124599,
  "fold_scores": [
    0.9728380439803764,
    0.9743946505705628,
    0.9742198770923022,
    0.9750289209834117,
    0.9726533035826667
  ],
  "fold_mean": 0.9738269592418639,
  "fold_std": 0.0009248557628934413,
  "per_class_recall": {
    "High": 0.9672997286877053,
    "Low": 0.9957287715893025,
    "Medium": 0.9620996009603721
  },
  "elapsed_sec": 3984.5,
  "model": [
    "xgb"
  ],
  "per_model_cv": {
    "xgb": 0.973818367606711
  },
  "blend_weights": {
    "xgb": 1.0
  },
  "postprocess": {
    "kind": "class_weight_optuna",
    "pre_score": 0.973818367606711,
    "post_score": 0.9750427004124599,
    "weights": [
      2.980833840115953,
      1.5667280726431514,
      1.647045623228814
    ],
    "applied": true
  },
  "n_features": 440,
  "n_train": 630000,
  "n_test": 270000
}