{
  "cv_score": 0.9754331023064129,
  "metric": "balanced_accuracy",
  "plain_accuracy": 0.982284126984127,
  "balanced_accuracy": 0.9754331023064129,
  "fold_scores": [
    0.9720580613362206,
    0.9735867503328368,
    0.9737642160206924,
    0.9741486174939958,
    0.9714655856183542
  ],
  "fold_mean": 0.97300464616042,
  "fold_std": 0.001047777861359087,
  "per_class_recall": {
    "High": 0.9679185111142844,
    "Low": 0.9958963767547855,
    "Medium": 0.9624844190501686
  },
  "elapsed_sec": 1309.7,
  "model": [
    "catboost"
  ],
  "per_model_cv": {
    "catboost": 0.9729958493713764
  },
  "blend_weights": {
    "catboost": 1.0
  },
  "postprocess": {
    "kind": "class_weight_optuna",
    "pre_score": 0.9729958493713764,
    "post_score": 0.9754331023064129,
    "weights": [
      1.643166563625584,
      0.7883837418727457,
      0.5528854248017032
    ],
    "applied": true
  },
  "n_features": 440,
  "n_train": 630000,
  "n_test": 270000
}