{
  "cv_score": 0.9760803849827212,
  "metric": "balanced_accuracy",
  "plain_accuracy": 0.9820952380952381,
  "balanced_accuracy": 0.9760803849827212,
  "fold_scores": [
    0.9714699515547492,
    0.9720977026019769,
    0.9735073893476175,
    0.9736788020474935,
    0.9706176785533721
  ],
  "fold_mean": 0.9722743048210418,
  "fold_std": 0.001176069132347088,
  "per_class_recall": {
    "High": 0.9703936408206006,
    "Low": 0.9955638697329401,
    "Medium": 0.9622836443946226
  },
  "elapsed_sec": 7921.4,
  "model": [
    "xgb"
  ],
  "per_model_cv": {
    "xgb": 0.9722617085163966
  },
  "blend_weights": {
    "xgb": 1.0
  },
  "postprocess": {
    "kind": "class_weight_optuna",
    "pre_score": 0.9722617085163966,
    "post_score": 0.9760803849827212,
    "weights": [
      2.9561888117410757,
      0.5870777772910605,
      0.6697974412600205
    ],
    "applied": true
  },
  "n_features": 440,
  "n_train": 630000,
  "n_test": 270000
}