{
  "cv_score": 0.9755169147140451,
  "metric": "balanced_accuracy",
  "plain_accuracy": 0.98145625,
  "balanced_accuracy": 0.9755169147140451,
  "fold_scores": [
    0.974921713610138,
    0.9739523901098202,
    0.9745622644209258,
    0.9738816729835222,
    0.970074711072739
  ],
  "fold_mean": 0.973478550439429,
  "fold_std": 0.0017452971199199022,
  "per_class_recall": {
    "High": 0.9704380416959475,
    "Low": 0.9956517226789008,
    "Medium": 0.9604609797672867
  },
  "elapsed_sec": 8220.3,
  "model": [
    "xgb",
    "catboost"
  ],
  "per_model_cv": {
    "xgb": 0.97418136507362,
    "catboost": 0.9727757376762648
  },
  "blend_weights": {
    "xgb": 0.6,
    "catboost": 0.4
  },
  "postprocess": [
    {
      "kind": "meta_stacker",
      "pre_score": 0.9739658060150767,
      "meta_score": 0.9752488616525535,
      "per_learner_score": {
        "l2": 0.9751668560196526,
        "l1": 0.9753226709491916,
        "en": 0.9751281565148643
      },
      "weights": {
        "l2": 0.3328054887724488,
        "l1": 0.3349068532951854,
        "en": 0.33228765793236587
      },
      "n_meta_features": 12,
      "n_pruned": 6,
      "applied": true
    },
    {
      "kind": "class_weight_optuna",
      "pre_score": 0.9752488616525535,
      "post_score": 0.9755169147140451,
      "weights": [
        1.0638992788000914,
        2.7377958620177587,
        0.7878625926248183
      ],
      "applied": true
    }
  ],
  "n_features": 499,
  "n_train": 640000,
  "n_test": 270000
}