{
  "cv_score": 0.9751823472707062,
  "metric": "balanced_accuracy",
  "plain_accuracy": 0.9818,
  "balanced_accuracy": 0.9751823472707062,
  "fold_scores": [
    0.9730205305537292,
    0.9741564229674048,
    0.9744815154739952,
    0.9749014092782115,
    0.9724174102156911
  ],
  "fold_mean": 0.9737954576978062,
  "fold_std": 0.0009299061283718817,
  "per_class_recall": {
    "High": 0.9685848921890619,
    "Low": 0.9960504653746651,
    "Medium": 0.9609116842483917
  },
  "elapsed_sec": 28664.7,
  "model": [
    "xgb",
    "xgb_a",
    "xgb_b",
    "xgb_c",
    "xgb_d",
    "xgb_e",
    "xgb_f",
    "xgb_g"
  ],
  "per_model_cv": {
    "xgb": 0.9738463121390185,
    "xgb_a": 0.9736114792747376,
    "xgb_b": 0.9736763384074433,
    "xgb_c": 0.9739469703526379,
    "xgb_d": 0.9738584034873999,
    "xgb_e": 0.9738389097935022,
    "xgb_f": 0.9737405029904435,
    "xgb_g": 0.973767479393119
  },
  "blend_weights": {
    "xgb": 0.125,
    "xgb_a": 0.125,
    "xgb_b": 0.125,
    "xgb_c": 0.125,
    "xgb_d": 0.125,
    "xgb_e": 0.125,
    "xgb_f": 0.125,
    "xgb_g": 0.125
  },
  "postprocess": {
    "kind": "class_weight_optuna",
    "pre_score": 0.9738404693484372,
    "post_score": 0.9751823472707062,
    "weights": [
      2.648055816735657,
      2.420568425477005,
      1.388067075380407
    ],
    "applied": true
  },
  "n_features": 440,
  "n_train": 630000,
  "n_test": 270000
}