{
  "cv_score": 0.9758490640600179,
  "metric": "balanced_accuracy",
  "plain_accuracy": 0.9819234375,
  "balanced_accuracy": 0.9758490640600179,
  "fold_scores": [
    0.9749204901405152,
    0.9742845763601979,
    0.9748167484159725,
    0.9739899951939905,
    0.970026449862244
  ],
  "fold_mean": 0.973607651994584,
  "fold_std": 0.0018229031672141972,
  "per_class_recall": {
    "High": 0.9698758491449988,
    "Low": 0.995143447912481,
    "Medium": 0.9625278951225739
  },
  "elapsed_sec": 7223.2,
  "model": [
    "xgb",
    "catboost"
  ],
  "per_model_cv": {
    "xgb": 0.9739867079870863,
    "catboost": 0.9732285977227785
  },
  "blend_weights": {
    "xgb": 0.6,
    "catboost": 0.4
  },
  "postprocess": [
    {
      "kind": "meta_stacker",
      "pre_score": 0.9738545199704339,
      "meta_score": 0.9756899961310767,
      "per_learner_score": {
        "l2": 0.9751706020265468,
        "l1": 0.9755096355622374,
        "en": 0.9757210857811537
      },
      "weights": {
        "l2": 0.3293246970971779,
        "l1": 0.3338837193498199,
        "en": 0.3367915835530022
      },
      "n_meta_features": 12,
      "n_pruned": 6,
      "applied": true
    },
    {
      "kind": "class_weight_optuna",
      "pre_score": 0.9756899961310767,
      "post_score": 0.9758490640600179,
      "weights": [
        2.7097162452844183,
        2.8788678984584863,
        2.4210322295015136
      ],
      "applied": true
    }
  ],
  "n_features": 439,
  "n_train": 640000,
  "n_test": 270000
}