{
  "cv_score": 0.9693189508389128,
  "metric": "balanced_accuracy",
  "plain_accuracy": 0.9844625,
  "balanced_accuracy": 0.9693189508389128,
  "fold_scores": [
    0.9704283439764536,
    0.9704992236054922,
    0.9678120317006472,
    0.9715439368557744,
    0.9707534359121294,
    0.9700669793830322,
    0.9706644645848946,
    0.9698902995691991,
    0.9676604513035333,
    0.963872265077657
  ],
  "fold_mean": 0.9693191431968813,
  "fold_std": 0.0021683245112916554,
  "per_class_recall": {
    "High": 0.941391426563598,
    "Low": 0.9956916395453735,
    "Medium": 0.970873786407767
  },
  "elapsed_sec": 12118.6,
  "model": "catboost",
  "per_model_cv": {
    "catboost": 0.9693189508389128
  },
  "blend_weights": {
    "catboost": 1.0
  },
  "postprocess": null,
  "n_features": 124,
  "n_train": 640000,
  "n_test": 270000
}