{
  "cv_score": 0.9717823237522819,
  "metric": "balanced_accuracy",
  "plain_accuracy": 0.9815703125,
  "balanced_accuracy": 0.9717823237522819,
  "fold_scores": [
    0.9679429611732413,
    0.9694211870141956,
    0.9674327746050915,
    0.9693723661008701,
    0.9678670403691522,
    0.9680106677488727,
    0.9690488464582815,
    0.9681171267476362,
    0.9666085957615869,
    0.9618063157767697
  ],
  "fold_mean": 0.9675627881755696,
  "fold_std": 0.002091552943877711,
  "per_class_recall": {
    "High": 0.9572265167486531,
    "Low": 0.9946538010170818,
    "Medium": 0.9634666534911106
  },
  "elapsed_sec": 38193.9,
  "model": [
    "lgbm",
    "xgb",
    "catboost",
    "catboost_a",
    "lgbm_rf"
  ],
  "per_model_cv": {
    "lgbm": 0.9673162838587679,
    "xgb": 0.966848049009081,
    "catboost": 0.9697309124367419,
    "catboost_a": 0.9680659502172319,
    "lgbm_rf": 0.9658518389345364
  },
  "blend_weights": {
    "lgbm": 0.25,
    "xgb": 0.1,
    "catboost": 0.38,
    "catboost_a": 0.22,
    "lgbm_rf": 0.05
  },
  "postprocess": [
    {
      "kind": "meta_stacker",
      "pre_score": 0.9684646342692966,
      "meta_score": 0.9717823237522819,
      "per_learner_score": {
        "l2": 0.9712600734637609,
        "l1": 0.9719402580700751,
        "en": 0.9718014413656849
      },
      "weights": {
        "l2": 0.32857566597973525,
        "l1": 0.33654053289002284,
        "en": 0.3348838011302419
      },
      "n_meta_features": 18,
      "n_pruned": 9,
      "applied": true
    },
    {
      "kind": "caruana",
      "pre_score": 0.9717823237522819,
      "caruana_score": 0.9690156401727835,
      "weights": {
        "lgbm": 0.1305,
        "xgb": 0.0725,
        "catboost": 0.55,
        "catboost_a": 0.209,
        "lgbm_rf": 0.038
      },
      "applied": false
    }
  ],
  "n_features": 68,
  "n_train": 640000,
  "n_test": 270000
}