{
  "cv_score": 0.975866776744723,
  "metric": "balanced_accuracy",
  "plain_accuracy": 0.9822640625,
  "balanced_accuracy": 0.975866776744723,
  "fold_scores": [
    0.9751272703197781,
    0.9743077452225882,
    0.9748573270391737,
    0.9740091882287379,
    0.9703828529384788
  ],
  "fold_mean": 0.9737368767497514,
  "fold_std": 0.0017226794949780112,
  "per_class_recall": {
    "High": 0.9689388615600844,
    "Low": 0.9951248200414603,
    "Medium": 0.9635366486326243
  },
  "elapsed_sec": 15397.9,
  "model": [
    "xgb",
    "xgb_a",
    "xgb_b",
    "catboost"
  ],
  "per_model_cv": {
    "xgb": 0.9740042488097519,
    "xgb_a": 0.9731990069916853,
    "xgb_b": 0.974522519095102,
    "catboost": 0.9732217354540026
  },
  "blend_weights": {
    "xgb": 0.25,
    "xgb_a": 0.2,
    "xgb_b": 0.15,
    "catboost": 0.4
  },
  "postprocess": [
    {
      "kind": "meta_stacker",
      "pre_score": 0.9737781236414622,
      "meta_score": 0.9757963366421042,
      "per_learner_score": {
        "l2": 0.9753572492103911,
        "l1": 0.9753590163512479,
        "en": 0.9757556143855632
      },
      "weights": {
        "l2": 0.3315097040212484,
        "l1": 0.3315334784107264,
        "en": 0.3369568175680252
      },
      "n_meta_features": 13,
      "n_pruned": 11,
      "applied": true
    },
    {
      "kind": "class_weight_optuna",
      "pre_score": 0.9757963366421042,
      "post_score": 0.975866776744723,
      "weights": [
        1.6186844418233177,
        2.723911493626571,
        1.7082121587833918
      ],
      "applied": true
    }
  ],
  "n_features": 439,
  "n_train": 640000,
  "n_test": 270000
}