{
  "cv_score": 0.9759194148492488,
  "metric": "balanced_accuracy",
  "plain_accuracy": 0.9827734375,
  "balanced_accuracy": 0.9759194148492488,
  "fold_scores": [
    0.9738941015841687,
    0.9734897389326708,
    0.9732545374461082,
    0.9728664805840656,
    0.968954211144114
  ],
  "fold_mean": 0.9724918139382256,
  "fold_std": 0.0017999455941995154,
  "per_class_recall": {
    "High": 0.9676739283204497,
    "Low": 0.9951807036545222,
    "Medium": 0.9649036125727743
  },
  "elapsed_sec": 36332.5,
  "model": [
    "xgb",
    "catboost",
    "lgbm"
  ],
  "per_model_cv": {
    "xgb": 0.9745564969221094,
    "catboost": 0.9732285977227785,
    "lgbm": 0.9696903490160249
  },
  "blend_weights": {
    "xgb": 0.45,
    "catboost": 0.35,
    "lgbm": 0.2
  },
  "postprocess": [
    {
      "kind": "meta_stacker",
      "pre_score": 0.9730915086053145,
      "meta_score": 0.9756909555482206,
      "per_learner_score": {
        "l2": 0.9755875106399047,
        "l1": 0.9751507136998133,
        "en": 0.9757688096952473
      },
      "weights": {
        "l2": 0.3344588758904437,
        "l1": 0.32857980911120016,
        "en": 0.3369613149983561
      },
      "n_meta_features": 14,
      "n_pruned": 7,
      "applied": true
    },
    {
      "kind": "class_weight_optuna",
      "pre_score": 0.9756909555482206,
      "post_score": 0.9759194148492488,
      "weights": [
        0.9395044281183713,
        2.188609368197598,
        1.2770512420384152
      ],
      "applied": true
    }
  ],
  "n_features": 439,
  "n_train": 640000,
  "n_test": 270000
}