{
  "cv_score": 0.9856111111111111,
  "metric": "accuracy",
  "fold_scores": [
    0.9857142857142858,
    0.9854444444444445,
    0.985452380952381,
    0.9856984126984127,
    0.9857460317460317
  ],
  "fold_mean": 0.985611111111111,
  "fold_std": 0.0001337484090980354,
  "elapsed_sec": 766.3,
  "model": "lgbm",
  "n_features": 23,
  "n_train": 630000,
  "n_test": 270000
}