{
  "cv_score": 0.9751280630350831,
  "metric": "balanced_accuracy",
  "plain_accuracy": 0.982584126984127,
  "balanced_accuracy": 0.9751280630350831,
  "fold_scores": [
    0.9730851640852727,
    0.974299689766442,
    0.9743401127694917,
    0.9752852814563969,
    0.972343384241605
  ],
  "fold_mean": 0.9738707264638415,
  "fold_std": 0.0010349088230682214,
  "per_class_recall": {
    "High": 0.9657289732971583,
    "Low": 0.9953638248580087,
    "Medium": 0.9642913909500824
  },
  "elapsed_sec": 3860.5,
  "model": [
    "xgb"
  ],
  "per_model_cv": {
    "xgb": 0.9738619900029203
  },
  "blend_weights": {
    "xgb": 1.0
  },
  "postprocess": {
    "kind": "per_class_isotonic",
    "pre_score": 0.9738619900029203,
    "iso_score": 0.9700672972564396,
    "post_score": 0.9751280630350831,
    "bias": [
      1.1230363158315035,
      -1.063809929893264,
      -1.1489852562934375
    ],
    "applied": true
  },
  "n_features": 440,
  "n_train": 630000,
  "n_test": 270000
}