{
  "cv_score": 0.9758583426992927,
  "metric": "balanced_accuracy",
  "plain_accuracy": 0.981725,
  "balanced_accuracy": 0.9758583426992927,
  "fold_scores": [
    0.9750977112255697,
    0.9746767639750689,
    0.9748096111389861,
    0.9742436737722933,
    0.9702163988580632
  ],
  "fold_mean": 0.9738088317939961,
  "fold_std": 0.0018171812074032968,
  "per_class_recall": {
    "High": 0.9707191379714218,
    "Low": 0.9955426165772086,
    "Medium": 0.9613132735492478
  },
  "elapsed_sec": 7458.3,
  "model": [
    "xgb",
    "catboost"
  ],
  "per_model_cv": {
    "xgb": 0.9743959295579581,
    "catboost": 0.9732217354540026
  },
  "blend_weights": {
    "xgb": 0.6,
    "catboost": 0.4
  },
  "postprocess": [
    {
      "kind": "meta_stacker",
      "pre_score": 0.9742890970376684,
      "meta_score": 0.9757368044436158,
      "per_learner_score": {
        "l2": 0.9753755176849013,
        "l1": 0.9754325970467086,
        "en": 0.9757065877454855
      },
      "weights": {
        "l2": 0.33157033464903657,
        "l1": 0.332340697846644,
        "en": 0.3360889675043193
      },
      "n_meta_features": 12,
      "n_pruned": 6,
      "applied": true
    },
    {
      "kind": "class_weight_optuna",
      "pre_score": 0.9757368044436158,
      "post_score": 0.9758583426992927,
      "weights": [
        1.3292335995694164,
        2.8493181084527697,
        1.149893630165971
      ],
      "applied": true
    }
  ],
  "n_features": 439,
  "n_train": 640000,
  "n_test": 270000
}