{
  "cv_score": 0.9752580194207651,
  "metric": "balanced_accuracy",
  "plain_accuracy": 0.981568253968254,
  "balanced_accuracy": 0.9752580194207651,
  "fold_scores": [
    0.9742373533614478,
    0.972262041324521,
    0.9729368774119495,
    0.9733608256261511,
    0.974968429783091
  ],
  "fold_mean": 0.973553105501432,
  "fold_std": 0.0009544520180499244,
  "per_class_recall": {
    "High": 0.9694416678566329,
    "Low": 0.9959477396280787,
    "Medium": 0.9603846507775835
  },
  "elapsed_sec": 3811.1,
  "model": [
    "xgb"
  ],
  "per_model_cv": {
    "xgb": 0.9735415492658076
  },
  "blend_weights": {
    "xgb": 1.0
  },
  "postprocess": {
    "kind": "class_weight_optuna",
    "pre_score": 0.9735415492658076,
    "post_score": 0.9752580194207651,
    "weights": [
      2.3991549086193826,
      1.666176409750855,
      1.211327227404797
    ],
    "applied": true
  },
  "n_features": 440,
  "n_train": 630000,
  "n_test": 270000
}