{
  "cv_score": 0.9756500588159668,
  "metric": "balanced_accuracy",
  "plain_accuracy": 0.981246875,
  "balanced_accuracy": 0.9756500588159668,
  "fold_scores": [
    0.9750624797860006,
    0.974423139688242,
    0.974928161689206,
    0.9739318487166357,
    0.9703384616646802
  ],
  "fold_mean": 0.973736818308953,
  "fold_std": 0.0017455417026621832,
  "per_class_recall": {
    "High": 0.9711407823846334,
    "Low": 0.9950849031749875,
    "Medium": 0.9607244908882795
  },
  "elapsed_sec": 8253.5,
  "model": [
    "xgb",
    "catboost"
  ],
  "per_model_cv": {
    "xgb": 0.9743350237397324,
    "catboost": 0.9731386146963534
  },
  "blend_weights": {
    "xgb": 0.6,
    "catboost": 0.4
  },
  "postprocess": [
    {
      "kind": "meta_stacker",
      "pre_score": 0.9741779752957539,
      "meta_score": 0.9755023759259217,
      "per_learner_score": {
        "l2": 0.9752894363421124,
        "l1": 0.9753369339235883,
        "en": 0.9755735932412278
      },
      "weights": {
        "l2": 0.33183355149654054,
        "l1": 0.332472616043496,
        "en": 0.3356938324599636
      },
      "n_meta_features": 12,
      "n_pruned": 6,
      "applied": true
    },
    {
      "kind": "class_weight_optuna",
      "pre_score": 0.9755023759259217,
      "post_score": 0.9756500588159668,
      "weights": [
        2.9219505842801645,
        2.359782198126516,
        2.2353488046163346
      ],
      "applied": true
    }
  ],
  "n_features": 467,
  "n_train": 640000,
  "n_test": 270000
}