{
  "cv_score": 0.9718739412725895,
  "metric": "balanced_accuracy",
  "plain_accuracy": 0.9817796875,
  "balanced_accuracy": 0.9718739412725895,
  "fold_scores": [
    0.9686067520000267,
    0.9702714017882886,
    0.967892163275029,
    0.9701904751736227,
    0.9684181212792653,
    0.968474948874854,
    0.9688949395971782,
    0.9687437128969556,
    0.9672517415148633,
    0.9622877104442054
  ],
  "fold_mean": 0.9681031966844289,
  "fold_std": 0.002125448166517606,
  "per_class_recall": {
    "High": 0.9566643241977044,
    "Low": 0.9942226988591759,
    "Medium": 0.9647348007608884
  },
  "elapsed_sec": 22494.6,
  "model": [
    "lgbm",
    "xgb",
    "catboost",
    "catboost_a"
  ],
  "per_model_cv": {
    "lgbm": 0.9675445539122544,
    "xgb": 0.9668906631878187,
    "catboost": 0.9697571766251035,
    "catboost_a": 0.9682195699140852
  },
  "blend_weights": {
    "lgbm": 0.25,
    "xgb": 0.1,
    "catboost": 0.4,
    "catboost_a": 0.25
  },
  "postprocess": [
    {
      "kind": "meta_stacker",
      "pre_score": 0.9686576394405427,
      "meta_score": 0.9718739412725895,
      "per_learner_score": {
        "l2": 0.9713630326585164,
        "l1": 0.9719211517973192,
        "en": 0.9719100370076178
      },
      "weights": {
        "l2": 0.3290177007584504,
        "l1": 0.3355575372386605,
        "en": 0.33542476200288907
      },
      "n_meta_features": 14,
      "n_pruned": 10,
      "applied": true
    },
    {
      "kind": "caruana",
      "pre_score": 0.9718739412725895,
      "caruana_score": 0.9691670160451559,
      "weights": {
        "lgbm": 0.26749999999999996,
        "xgb": 0.013500000000000002,
        "catboost": 0.5835,
        "catboost_a": 0.1355
      },
      "applied": false
    }
  ],
  "n_features": 68,
  "n_train": 640000,
  "n_test": 270000
}